<?xml version="1.0"?>

<!--
	..........................................................................................
	This Ant script is used for encrypting BIRT mxreportdatasources.properties for eclipse use
	..........................................................................................
-->

<project name="Encrypt MAXIMO BIRT properties" default="all" basedir=".">

	<target name="init">
		<property name="maximo.report.birt.root" value="${basedir}/.."/>
		<property name="maximo.report.birt.scriptlibrary" value="${maximo.report.birt.root}/scriptlibrary"/>

		<taskdef name="encryptreports" classname="com.ibm.tivoli.maximo.report.birt.ant.EncryptPropertiesTask">
			<classpath>
				<pathelement location="${maximo.report.birt.root}/tools/classes" />
				<dirset dir="${maximo.report.birt.scriptlibrary}/classes"/>
			</classpath>
		</taskdef>
		
	</target>
	
	<!--
		.................................................................
		The following task encrypts properties files.
		.................................................................
	-->
	<target name="default" depends="init">
		<echo>Encrypting...</echo>
		
		<encryptreports 
			source="${source}" 
			target="${target}"
		/>
		
		<echo>Completed.</echo>
		<echo message="Output to ${target}"/>
	</target>

	<target name="all" depends="init, default">
	</target>


</project>

