<?xml version="1.0"?>

<!--
	...................................................................................
	This Ant script is used for exporting MAXIMO birt report from MAXIMO database
	...................................................................................
-->

<project name="Export MAXIMO BIRT report" default="init" basedir=".">

	<target name="init">
		<property name="maximo.report.birt.root" value="${basedir}/.."/>
		<property name="maximo.report.birt.libraries" value="${maximo.report.birt.root}/libraries"/>
		<property name="maximo.report.birt.reports" value="${maximo.report.birt.root}/reports"/>

		<taskdef name="exportreports" classname="com.ibm.tivoli.maximo.report.birt.ant.ExportReportsTask">
			<classpath>
				<pathelement location="${maximo.report.birt.root}/tools/classes" />
			</classpath>
		</taskdef>
		
		<taskdef name="exportlibraries" classname="com.ibm.tivoli.maximo.report.birt.ant.ExportLibrariesTask">
			<classpath>
				<pathelement location="${maximo.report.birt.root}/tools/classes" />
			</classpath>
		</taskdef>


		<!-- Load the properties from a file, as they are easier to modify outside this file -->
		<property file="${basedir}/reporttools.properties"/>
		
		<property name="maximo.report.birt.libraryname" value="ORACLE"/>
		<input message="Enter Username:" addproperty="maximo.report.birt.username">
			<handler type="secure"/>
		</input>
		<input message="Enter Password:" addproperty="maximo.report.birt.password">
			<handler type="secure"/>
		</input>
		<property name="maximo.report.birt.tenant" value=""/>
		<property name="maximo.report.birt.hostname" value="localhost"/>
		<property name="maximo.report.birt.port" value="7001"/>
		<property name="maximo.report.birt.ssl" value="false"/>
		<property name="maximo.report.birt.contextname" value="/mbo/reporttool"/>

		<echo>Using the following settings:</echo>
		<echo>hostname: ${maximo.report.birt.hostname}</echo>
		<echo>port: ${maximo.report.birt.port}</echo>
		<echo>ssl: ${maximo.report.birt.ssl}</echo>
		<!--
		<echo>username: ${maximo.report.birt.username}</echo>
		-->
	</target>

	<!--
		.................................................................
		The following task exports all.
		.................................................................
	-->
	<target name="all" depends="init,library,report">
		<echo>Exporting All Libraries and Reports.</echo>
		
	</target>

	<!--
		.................................................................
		The following task exports report.
		.................................................................
	-->
	<target name="report" depends="init">
		<echo>Exporting All Reports.</echo>
		
		<exportreports
			outputfolder="${maximo.report.birt.outputfolder}"
			username="${maximo.report.birt.username}"
			password="${maximo.report.birt.password}"
			tenant="${maximo.report.birt.tenant}"
			hostname="${maximo.report.birt.hostname}"
			port="${maximo.report.birt.port}"
			ssl="${maximo.report.birt.ssl}"
			contextname="${maximo.report.birt.contextname}"
		    >
		</exportreports>
		
	</target>

	<!--
		.................................................................
		The following task exports reports of specific app.
		.................................................................
	-->
	<target name="app" depends="init">
		<echo>Exporting All Reports for ${maximo.report.birt.appname}.</echo>
		
		<exportreports
			appname="${maximo.report.birt.appname}"
			outputfolder="${maximo.report.birt.outputfolder}"
			username="${maximo.report.birt.username}"
			password="${maximo.report.birt.password}"
			tenant="${maximo.report.birt.tenant}"
			hostname="${maximo.report.birt.hostname}"
			port="${maximo.report.birt.port}"
			ssl="${maximo.report.birt.ssl}"
			contextname="${maximo.report.birt.contextname}"
		    >
		</exportreports>
		
	</target>


	<!--
		.................................................................
		The following task exports report library.
		.................................................................
	-->
	<target name="library" depends="init">
		<echo>Exporting All Report libraries.</echo>
		
		<exportlibraries
			outputfolder="${maximo.report.birt.outputfolder}"
			username="${maximo.report.birt.username}"
			password="${maximo.report.birt.password}"
			tenant="${maximo.report.birt.tenant}"
			hostname="${maximo.report.birt.hostname}"
			port="${maximo.report.birt.port}"
			ssl="${maximo.report.birt.ssl}"
			contextname="${maximo.report.birt.contextname}"
		    >
		</exportlibraries>
		
	</target>

</project>

