<?xml version="1.0"?>

<!--
	...................................................................................
	This Ant script is used for importing MAXIMO birt reports into the MAXIMO database
	...................................................................................
-->

<project name="Import MAXIMO BIRT reports" default="all" basedir=".">

	<target name="init">
		<property name="maximo.report.birt.root" value="${basedir}/.."/>

		<taskdef name="importreports" classname="com.ibm.tivoli.maximo.report.birt.ant.ImportReportsTask">
			<classpath>
				<pathelement location="${maximo.report.birt.root}/tools/classes" />
			</classpath>
		</taskdef>

		<taskdef name="importlibraries" classname="com.ibm.tivoli.maximo.report.birt.ant.ImportLibrariesTask">
			<classpath>
				<pathelement location="${maximo.report.birt.root}/tools/classes" />
			</classpath>
		</taskdef>


		<!-- Load the properties from a file, as they are easier to modify outside this file -->
		<property file="${basedir}/reporttools.properties"/>
		
<!--
		<property name="maximo.report.birt.libraryname" value="ORACLE"/>
-->		
		<input message="Enter Username:" addproperty="maximo.report.birt.username">
			<handler type="secure"/>
		</input>
		<input message="Enter Password:" addproperty="maximo.report.birt.password">
			<handler type="secure"/>
		</input>
		<property name="maximo.report.birt.tenant" value=""/>		
		<property name="maximo.report.birt.hostname" value="localhost"/>
		<property name="maximo.report.birt.port" value="7001"/>
		<property name="maximo.report.birt.ssl" value="false"/>
		<property name="maximo.report.birt.contextname" value="/mbo/reporttool"/>		
		<property name="maximo.report.birt.libraries" value="${maximo.report.birt.inputfolder}/libraries"/>
		<property name="maximo.report.birt.reports" value="${maximo.report.birt.inputfolder}/reports"/>

		<echo>Using the following settings:</echo>
		<echo>hostname: ${maximo.report.birt.hostname}</echo>
		<echo>port: ${maximo.report.birt.port}</echo>
		<echo>ssl: ${maximo.report.birt.ssl}</echo>
		<echo>inputfolder: ${maximo.report.birt.inputfolder}</echo>
		<!--
		<echo>username: ${maximo.report.birt.username}</echo>
		-->
	</target>
	
	<!--
		.................................................................
		The following task imports reports.
		.................................................................
	-->
	<target name="reports" depends="init">
		<echo>Importing Reports.</echo>
		
		<importreports
			libraryroot="${maximo.report.birt.libraries}"
			reportroot="${maximo.report.birt.reports}"
			username="${maximo.report.birt.username}"
			password="${maximo.report.birt.password}"
			tenant="${maximo.report.birt.tenant}"
			hostname="${maximo.report.birt.hostname}"
			port="${maximo.report.birt.port}"
			ssl="${maximo.report.birt.ssl}"
			contextname="${maximo.report.birt.contextname}"
		    >
		</importreports>
		
	</target>

	<!--
		.................................................................
		The following task imports reports for a given app.
		.................................................................
	-->
	<target name="app" depends="init">
		<echo>Importing Reports.</echo>
		
		<importreports
			libraryroot="${maximo.report.birt.libraries}"
			reportroot="${maximo.report.birt.reports}"
			username="${maximo.report.birt.username}"
			password="${maximo.report.birt.password}"
			tenant="${maximo.report.birt.tenant}"
			hostname="${maximo.report.birt.hostname}"
			port="${maximo.report.birt.port}"
			ssl="${maximo.report.birt.ssl}"
			contextname="${maximo.report.birt.contextname}"
			appname="${maximo.report.birt.appname}"
		    >
		</importreports>
		
	</target>
	

	<!--
		.................................................................
		The following task imports a single report.
		.................................................................
	-->
	<target name="singlereport" depends="init">
		<echo>Importing Reports.</echo>
		
		<importreports
			libraryroot="${maximo.report.birt.libraries}"
			reportroot="${maximo.report.birt.reports}"
			username="${maximo.report.birt.username}"
			password="${maximo.report.birt.password}"
			tenant="${maximo.report.birt.tenant}"
			hostname="${maximo.report.birt.hostname}"
			port="${maximo.report.birt.port}"
			ssl="${maximo.report.birt.ssl}"
			contextname="${maximo.report.birt.contextname}"
			appname="${maximo.report.birt.appname}"
			reportname="${maximo.report.birt.reportname}"
		>
		</importreports>
	
	</target>

	<!--
		.................................................................
		The following task imports libraries.
		.................................................................
	-->
	<target name="libraries" depends="init">
		<echo>Importing Libraries.</echo>
		
		<importlibraries
			libraryroot="${maximo.report.birt.libraries}"
			username="${maximo.report.birt.username}"
			password="${maximo.report.birt.password}"
			tenant="${maximo.report.birt.tenant}"
			hostname="${maximo.report.birt.hostname}"
			port="${maximo.report.birt.port}"
			ssl="${maximo.report.birt.ssl}"
			contextname="${maximo.report.birt.contextname}"
		    >
		</importlibraries>
		
	</target>

	<target name="all" depends="init,libraries,reports">
	</target>


</project>

