<?xml version="1.0"?>

<!--
	...................................................................................
	This Ant script is used for applying batch updates to Maximo QBR report designs.
	...................................................................................
-->

<project name="Update Maximo BIRT QBR report designs" default="qbrs" basedir=".">

	<target name="init">
		<property name="maximo.report.birt.root" value="${basedir}/.."/>
		<property name="maximo.report.birt.libraries" value="${maximo.report.birt.root}/libraries"/>
		<property name="maximo.report.birt.reports" value="${maximo.report.birt.root}/reports"/>

		<taskdef name="updateqbrs" classname="com.ibm.tivoli.maximo.report.birt.ant.UpdateQbrReportsTask">
			<classpath>
				<pathelement location="${maximo.report.birt.root}/tools/classes" />
			</classpath>
		</taskdef>
		
		<taskdef name="exportreports" classname="com.ibm.tivoli.maximo.report.birt.ant.ExportReportsTask">
			<classpath>
				<pathelement location="${maximo.report.birt.root}/tools/classes" />
			</classpath>
		</taskdef>

		<!-- Load the properties from a file, as they are easier to modify outside this file -->
		<property file="${basedir}/reporttools.properties"/>
	
		<input message="Enter Username:" addproperty="maximo.report.birt.username">
			<handler type="secure"/>
		</input>
		<input message="Enter Password:" addproperty="maximo.report.birt.password">
			<handler type="secure"/>
		</input>
		<property name="maximo.report.birt.tenant" value=""/>
		<property name="maximo.report.birt.hostname" value="localhost"/>
		<property name="maximo.report.birt.port" value="7001"/>
		<property name="maximo.report.birt.ssl" value="false"/>
		<property name="maximo.report.birt.contextname" value="/mbo/reporttool"/>

		<tstamp>
			<format property="TIMESTAMP" pattern="yyyy-MM-dd HH:mm:ss"/>
		</tstamp>
		<record name="${maximo.report.birt.updatelog}" action="start" append="yes"/>
		<echo>${TIMESTAMP}</echo>
		<echo>Updating QBRs using the following settings:</echo>
		<echo>hostname: ${maximo.report.birt.hostname}</echo>
		<echo>port: ${maximo.report.birt.port}</echo>
		<echo>ssl: ${maximo.report.birt.ssl}</echo>
		<echo>type: ${maximo.report.birt.update.type}</echo>
		<!--
		<echo>username: ${maximo.report.birt.username}</echo>
		-->
		<record name="${maximo.report.birt.updatelog}" action="stop"/>
	</target>

	<!--
		.................................................................
		The following task updates QBR report designs.
		.................................................................
	-->
	<target name="qbrs" depends="init">
		<record name="${maximo.report.birt.updatelog}" action="start" append="yes"/>

		<echo>Exporting Backup QBRs.</echo>

		<exportreports
			outputfolder="${maximo.report.birt.outputfolder}-backup"
			reporttype = "qbr"
			username="${maximo.report.birt.username}"
			password="${maximo.report.birt.password}"
			tenant="${maximo.report.birt.tenant}"
			hostname="${maximo.report.birt.hostname}"
			port="${maximo.report.birt.port}"
			ssl="${maximo.report.birt.ssl}"
			contextname="${maximo.report.birt.contextname}"
		    >
		</exportreports>
		
		<echo>Updating QBRs.</echo>
		
		<updateqbrs
			username="${maximo.report.birt.username}"
			password="${maximo.report.birt.password}"
			tenant="${maximo.report.birt.tenant}"
			hostname="${maximo.report.birt.hostname}"
			port="${maximo.report.birt.port}"
			ssl="${maximo.report.birt.ssl}"
			contextname="${maximo.report.birt.contextname}"
			updatetype="${maximo.report.birt.update.type}"
		    >
		</updateqbrs>
		
		<echo></echo>
		<record name="${maximo.report.birt.updatelog}" action="stop"/>
	</target>


</project>

